<!--
/*
* Copyright (C) 2016 and later: Unicode, Inc. and others.
* License & terms of use: http://www.unicode.org/copyright.html
*******************************************************************************
* Copyright (C) 2005-2016, International Business Machines Corporation and    *
* others. All Rights Reserved.	                                         *
*******************************************************************************
*/
-->
<config type="icu-config">
	<!-- This is used by CLDRBuild.java and CLDRConverterTool.java in org/unicode/cldr/ant/ -->
	<locales>
		<include locales="af"/>
		<include locales="af_NA"/>
		<include locales="af_ZA"/>
		<include locales="agq"/>
		<include locales="agq_CM"/>
		<include locales="ak"/>
		<include locales="ak_GH"/>
		<include locales="am"/>
		<include locales="am_ET"/>
		<include locales="ar"/>
		<include locales="ar_001"/>
		<include locales="ar_AE"/>
		<include locales="ar_BH"/>
		<include locales="ar_DJ"/>
		<include locales="ar_DZ"/>
		<include locales="ar_EG"/>
		<include locales="ar_EH"/>
		<include locales="ar_ER"/>
		<include locales="ar_IL"/>
		<include locales="ar_IQ"/>
		<include locales="ar_JO"/>
		<include locales="ar_KM"/>
		<include locales="ar_KW"/>
		<include locales="ar_LB"/>
		<include locales="ar_LY"/>
		<include locales="ar_MA"/>
		<include locales="ar_MR"/>
		<include locales="ar_OM"/>
		<include locales="ar_PS"/>
		<include locales="ar_QA"/>
		<include locales="ar_SA"/>
		<include locales="ar_SD"/>
		<include locales="ar_SO"/>
		<include locales="ar_SS"/>
		<include locales="ar_SY"/>
		<include locales="ar_TD"/>
		<include locales="ar_TN"/>
		<include locales="ar_YE"/>
		<include locales="ars"/>
		<include locales="as"/>
		<include locales="as_IN"/>
		<include locales="asa"/>
		<include locales="asa_TZ"/>
		<include locales="ast"/>
		<include locales="ast_ES"/>
		<include locales="az"/>
		<include locales="az_AZ"/>
		<include locales="az_Cyrl"/>
		<include locales="az_Cyrl_AZ"/>
		<include locales="az_Latn"/>
		<include locales="az_Latn_AZ"/>
		<include locales="bas"/>
		<include locales="bas_CM"/>
		<include locales="be"/>
		<include locales="be_BY"/>
		<include locales="bem"/>
		<include locales="bem_ZM"/>
		<include locales="bez"/>
		<include locales="bez_TZ"/>
		<include locales="bg"/>
		<include locales="bg_BG"/>
		<include locales="bm"/>
		<include locales="bm_ML"/>
		<include locales="bn"/>
		<include locales="bn_BD"/>
		<include locales="bn_IN"/>
		<include locales="bo"/>
		<include locales="bo_CN"/>
		<include locales="bo_IN"/>
		<include locales="br"/>
		<include locales="br_FR"/>
		<include locales="brx"/>
		<include locales="brx_IN"/>
		<include locales="bs"/>
		<include locales="bs_Cyrl"/>
		<include locales="bs_Cyrl_BA"/>
		<include locales="bs_Latn"/>
		<include locales="bs_Latn_BA"/>
		<include locales="bs_BA"/>
		<include locales="ca"/>
		<include locales="ca_AD"/>
		<include locales="ca_ES"/>
		<include locales="ca_FR"/>
		<include locales="ca_IT"/>
		<include locales="ccp"/>
		<include locales="ccp_BD"/>
		<include locales="ccp_IN"/>
		<include locales="ce"/>
		<include locales="ce_RU"/>
		<include locales="cgg"/>
		<include locales="cgg_UG"/>
		<include locales="chr"/>
		<include locales="chr_US"/>
		<include locales="ckb"/>
		<include locales="ckb_IQ"/>
		<include locales="ckb_IR"/>
		<include locales="cs"/>
		<include locales="cs_CZ"/>
		<include locales="cy"/>
		<include locales="cy_GB"/>
		<include locales="da"/>
		<include locales="da_DK"/>
		<include locales="da_GL"/>
		<include locales="dav"/>
		<include locales="dav_KE"/>
		<include locales="de"/>
		<include locales="de_AT"/>
		<include locales="de_BE"/>
		<include locales="de_CH"/>
		<include locales="de_DE"/>
		<include locales="de_IT"/>
		<include locales="de_LI"/>
		<include locales="de_LU"/>
		<include locales="dje"/>
		<include locales="dje_NE"/>
		<include locales="dsb"/>
		<include locales="dsb_DE"/>
		<include locales="dua"/>
		<include locales="dua_CM"/>
		<include locales="dyo"/>
		<include locales="dyo_SN"/>
		<include locales="dz"/>
		<include locales="dz_BT"/>
		<include locales="ebu"/>
		<include locales="ebu_KE"/>
		<include locales="ee"/>
		<include locales="ee_GH"/>
		<include locales="ee_TG"/>
		<include locales="el"/>
		<include locales="el_CY"/>
		<include locales="el_GR"/>
		<include locales="en"/>
		<include locales="en_001"/>
		<include locales="en_150"/>
		<include locales="en_AG"/>
		<include locales="en_AI"/>
		<include locales="en_AS"/>
		<include locales="en_AT"/>
		<include locales="en_AU"/>
		<include locales="en_BB"/>
		<include locales="en_BE"/>
		<include locales="en_BI"/>
		<include locales="en_BM"/>
		<include locales="en_BS"/>
		<include locales="en_BW"/>
		<include locales="en_BZ"/>
		<include locales="en_CA"/>
		<include locales="en_CC"/>
		<include locales="en_CH"/>
		<include locales="en_CK"/>
		<include locales="en_CM"/>
		<include locales="en_CX"/>
		<include locales="en_CY"/>
		<include locales="en_DE"/>
		<include locales="en_DG"/>
		<include locales="en_DK"/>
		<include locales="en_DM"/>
		<include locales="en_ER"/>
		<include locales="en_FI"/>
		<include locales="en_FJ"/>
		<include locales="en_FK"/>
		<include locales="en_FM"/>
		<include locales="en_GB"/>
		<include locales="en_GD"/>
		<include locales="en_GG"/>
		<include locales="en_GH"/>
		<include locales="en_GI"/>
		<include locales="en_GM"/>
		<include locales="en_GU"/>
		<include locales="en_GY"/>
		<include locales="en_HK"/>
		<include locales="en_IE"/>
		<include locales="en_IL"/>
		<include locales="en_IM"/>
		<include locales="en_IN"/>
		<include locales="en_IO"/>
		<include locales="en_JE"/>
		<include locales="en_JM"/>
		<include locales="en_KE"/>
		<include locales="en_KI"/>
		<include locales="en_KN"/>
		<include locales="en_KY"/>
		<include locales="en_LC"/>
		<include locales="en_LR"/>
		<include locales="en_LS"/>
		<include locales="en_MG"/>
		<include locales="en_MH"/>
		<include locales="en_MO"/>
		<include locales="en_MP"/>
		<include locales="en_MS"/>
		<include locales="en_MT"/>
		<include locales="en_MU"/>
		<include locales="en_MW"/>
		<include locales="en_MY"/>
		<include locales="en_NA"/>
		<include locales="en_NF"/>
		<include locales="en_NG"/>
		<include locales="en_NL"/>
		<include locales="en_NR"/>
		<include locales="en_NU"/>
		<include locales="en_NZ"/>
		<include locales="en_PG"/>
		<include locales="en_PH"/>
		<include locales="en_PK"/>
		<include locales="en_PN"/>
		<include locales="en_PR"/>
		<include locales="en_PW"/>
		<include locales="en_RH"/>
		<include locales="en_RW"/>
		<include locales="en_SB"/>
		<include locales="en_SC"/>
		<include locales="en_SD"/>
		<include locales="en_SE"/>
		<include locales="en_SG"/>
		<include locales="en_SH"/>
		<include locales="en_SI"/>
		<include locales="en_SL"/>
		<include locales="en_SS"/>
		<include locales="en_SX"/>
		<include locales="en_SZ"/>
		<include locales="en_TC"/>
		<include locales="en_TK"/>
		<include locales="en_TO"/>
		<include locales="en_TT"/>
		<include locales="en_TV"/>
		<include locales="en_TZ"/>
		<include locales="en_UG"/>
		<include locales="en_UM"/>
		<include locales="en_US"/>
		<include locales="en_US_POSIX"/>
		<include locales="en_VC"/>
		<include locales="en_VG"/>
		<include locales="en_VI"/>
		<include locales="en_VU"/>
		<include locales="en_WS"/>
		<include locales="en_ZA"/>
		<include locales="en_ZM"/>
		<include locales="en_ZW"/>
		<include locales="eo"/>
		<include locales="es"/>
		<include locales="es_003"/>
		<include locales="es_419"/>
		<include locales="es_AR"/>
		<include locales="es_BO"/>
		<include locales="es_BR"/>
		<include locales="es_BZ"/>
		<include locales="es_CL"/>
		<include locales="es_CO"/>
		<include locales="es_CR"/>
		<include locales="es_CU"/>
		<include locales="es_DO"/>
		<include locales="es_EA"/>
		<include locales="es_EC"/>
		<include locales="es_ES"/>
		<include locales="es_GQ"/>
		<include locales="es_GT"/>
		<include locales="es_HN"/>
		<include locales="es_IC"/>
		<include locales="es_MX"/>
		<include locales="es_NI"/>
		<include locales="es_PA"/>
		<include locales="es_PE"/>
		<include locales="es_PH"/>
		<include locales="es_PR"/>
		<include locales="es_PY"/>
		<include locales="es_SV"/>
		<include locales="es_US"/>
		<include locales="es_UY"/>
		<include locales="es_VE"/>
		<include locales="et"/>
		<include locales="et_EE"/>
		<include locales="eu"/>
		<include locales="eu_ES"/>
		<include locales="ewo"/>
		<include locales="ewo_CM"/>
		<include locales="fa"/>
		<include locales="fa_AF"/>
		<include locales="fa_IR"/>
		<include locales="ff"/>
		<include locales="ff_CM"/>
		<include locales="ff_GN"/>
		<include locales="ff_MR"/>
		<include locales="ff_SN"/>
		<include locales="fi"/>
		<include locales="fi_FI"/>
		<include locales="fil"/>
		<include locales="fil_PH"/>
		<include locales="fo"/>
		<include locales="fo_DK"/>
		<include locales="fo_FO"/>
		<include locales="fr"/>
		<include locales="fr_BE"/>
		<include locales="fr_BF"/>
		<include locales="fr_BI"/>
		<include locales="fr_BJ"/>
		<include locales="fr_BL"/>
		<include locales="fr_CA"/>
		<include locales="fr_CD"/>
		<include locales="fr_CF"/>
		<include locales="fr_CG"/>
		<include locales="fr_CH"/>
		<include locales="fr_CI"/>
		<include locales="fr_CM"/>
		<include locales="fr_DJ"/>
		<include locales="fr_DZ"/>
		<include locales="fr_FR"/>
		<include locales="fr_GA"/>
		<include locales="fr_GF"/>
		<include locales="fr_GN"/>
		<include locales="fr_GP"/>
		<include locales="fr_GQ"/>
		<include locales="fr_HT"/>
		<include locales="fr_KM"/>
		<include locales="fr_LU"/>
		<include locales="fr_MA"/>
		<include locales="fr_MC"/>
		<include locales="fr_MF"/>
		<include locales="fr_MG"/>
		<include locales="fr_ML"/>
		<include locales="fr_MQ"/>
		<include locales="fr_MR"/>
		<include locales="fr_MU"/>
		<include locales="fr_NC"/>
		<include locales="fr_NE"/>
		<include locales="fr_PF"/>
		<include locales="fr_PM"/>
		<include locales="fr_RE"/>
		<include locales="fr_RW"/>
		<include locales="fr_SC"/>
		<include locales="fr_SN"/>
		<include locales="fr_SY"/>
		<include locales="fr_TD"/>
		<include locales="fr_TG"/>
		<include locales="fr_TN"/>
		<include locales="fr_VU"/>
		<include locales="fr_WF"/>
		<include locales="fr_YT"/>
		<include locales="fur"/>
		<include locales="fur_IT"/>
		<include locales="fy"/>
		<include locales="fy_NL"/>
		<include locales="ga"/>
		<include locales="ga_IE"/>
		<include locales="gd"/>
		<include locales="gd_GB"/>
		<include locales="gl"/>
		<include locales="gl_ES"/>
		<include locales="gsw"/>
		<include locales="gsw_CH"/>
		<include locales="gsw_FR"/>
		<include locales="gsw_LI"/>
		<include locales="gu"/>
		<include locales="gu_IN"/>
		<include locales="guz"/>
		<include locales="guz_KE"/>
		<include locales="gv"/>
		<include locales="gv_IM"/>
		<include locales="ha"/>
		<include locales="ha_GH"/>
		<include locales="ha_NE"/>
		<include locales="ha_NG"/>
		<include locales="haw"/>
		<include locales="haw_US"/>
		<include locales="he"/>
		<include locales="he_IL"/>
		<include locales="hi"/>
		<include locales="hi_IN"/>
		<include locales="hr"/>
		<include locales="hr_BA"/>
		<include locales="hr_HR"/>
		<include locales="hsb"/>
		<include locales="hsb_DE"/>
		<include locales="hu"/>
		<include locales="hu_HU"/>
		<include locales="hy"/>
		<include locales="hy_AM"/>
		<include locales="ia"/>
		<include locales="ia_001"/>
		<include locales="id"/>
		<include locales="id_ID"/>
		<include locales="ig"/>
		<include locales="ig_NG"/>
		<include locales="ii"/>
		<include locales="ii_CN"/>
		<include locales="in"/>
		<include locales="in_ID"/>
		<include locales="is"/>
		<include locales="is_IS"/>
		<include locales="it"/>
		<include locales="it_CH"/>
		<include locales="it_IT"/>
		<include locales="it_SM"/>
		<include locales="it_VA"/>
		<include locales="iw"/>
		<include locales="iw_IL"/>
		<include locales="ja"/>
		<include locales="ja_JP"/>
		<include locales="jgo"/>
		<include locales="jgo_CM"/>
		<include locales="jmc"/>
		<include locales="jmc_TZ"/>
		<include locales="jv"/>
		<include locales="jv_ID"/>
		<include locales="ka"/>
		<include locales="ka_GE"/>
		<include locales="kab"/>
		<include locales="kab_DZ"/>
		<include locales="kam"/>
		<include locales="kam_KE"/>
		<include locales="kde"/>
		<include locales="kde_TZ"/>
		<include locales="kea"/>
		<include locales="kea_CV"/>
		<include locales="khq"/>
		<include locales="khq_ML"/>
		<include locales="ki"/>
		<include locales="ki_KE"/>
		<include locales="kk"/>
		<include locales="kk_KZ"/>
		<include locales="kkj"/>
		<include locales="kkj_CM"/>
		<include locales="kl"/>
		<include locales="kl_GL"/>
		<include locales="kln"/>
		<include locales="kln_KE"/>
		<include locales="km"/>
		<include locales="km_KH"/>
		<include locales="kn"/>
		<include locales="kn_IN"/>
		<include locales="ko"/>
		<include locales="ko_KP"/>
		<include locales="ko_KR"/>
		<include locales="kok"/>
		<include locales="kok_IN"/>
		<include locales="ks"/>
		<include locales="ks_IN"/>
		<include locales="ksb"/>
		<include locales="ksb_TZ"/>
		<include locales="ksf"/>
		<include locales="ksf_CM"/>
		<include locales="ksh"/>
		<include locales="ksh_DE"/>
		<include locales="ku"/>
		<include locales="ku_TR"/>
		<include locales="kw"/>
		<include locales="kw_GB"/>
		<include locales="ky"/>
		<include locales="ky_KG"/>
		<include locales="lag"/>
		<include locales="lag_TZ"/>
		<include locales="lb"/>
		<include locales="lb_LU"/>
		<include locales="lg"/>
		<include locales="lg_UG"/>
		<include locales="lkt"/>
		<include locales="lkt_US"/>
		<include locales="ln"/>
		<include locales="ln_AO"/>
		<include locales="ln_CD"/>
		<include locales="ln_CF"/>
		<include locales="ln_CG"/>
		<include locales="lo"/>
		<include locales="lo_LA"/>
		<include locales="lrc"/>
		<include locales="lrc_IQ"/>
		<include locales="lrc_IR"/>
		<include locales="lt"/>
		<include locales="lt_LT"/>
		<include locales="lu"/>
		<include locales="lu_CD"/>
		<include locales="luo"/>
		<include locales="luo_KE"/>
		<include locales="luy"/>
		<include locales="luy_KE"/>
		<include locales="lv"/>
		<include locales="lv_LV"/>
		<include locales="mas"/>
		<include locales="mas_KE"/>
		<include locales="mas_TZ"/>
		<include locales="mer"/>
		<include locales="mer_KE"/>
		<include locales="mfe"/>
		<include locales="mfe_MU"/>
		<include locales="mg"/>
		<include locales="mg_MG"/>
		<include locales="mgh"/>
		<include locales="mgh_MZ"/>
		<include locales="mgo"/>
		<include locales="mgo_CM"/>
		<include locales="mi"/>
		<include locales="mi_NZ"/>
		<include locales="mk"/>
		<include locales="mk_MK"/>
		<include locales="ml"/>
		<include locales="ml_IN"/>
		<include locales="mn"/>
		<include locales="mn_MN"/>
		<include locales="mo"/>
		<include locales="mr"/>
		<include locales="mr_IN"/>
		<include locales="ms"/>
		<include locales="ms_BN"/>
		<include locales="ms_MY"/>
		<include locales="ms_SG"/>
		<include locales="mt"/>
		<include locales="mt_MT"/>
		<include locales="mua"/>
		<include locales="mua_CM"/>
		<include locales="my"/>
		<include locales="my_MM"/>
		<include locales="mzn"/>
		<include locales="mzn_IR"/>
		<include locales="naq"/>
		<include locales="naq_NA"/>
		<include locales="nb"/>
		<include locales="nb_NO"/>
		<include locales="nb_SJ"/>
		<include locales="nd"/>
		<include locales="nd_ZW"/>
		<include locales="nds"/>
		<include locales="nds_DE"/>
		<include locales="nds_NL"/>
		<include locales="ne"/>
		<include locales="ne_IN"/>
		<include locales="ne_NP"/>
		<include locales="nl"/>
		<include locales="nl_AW"/>
		<include locales="nl_BE"/>
		<include locales="nl_BQ"/>
		<include locales="nl_CW"/>
		<include locales="nl_NL"/>
		<include locales="nl_SR"/>
		<include locales="nl_SX"/>
		<include locales="nmg"/>
		<include locales="nmg_CM"/>
		<include locales="nn"/>
		<include locales="nn_NO"/>
		<include locales="nnh"/>
		<include locales="nnh_CM"/>
		<include locales="no"/>
		<include locales="no_NO"/>
		<include locales="nus"/>
		<include locales="nus_SS"/>
		<include locales="nyn"/>
		<include locales="nyn_UG"/>
		<include locales="om"/>
		<include locales="om_ET"/>
		<include locales="om_KE"/>
		<include locales="or"/>
		<include locales="or_IN"/>
		<include locales="os"/>
		<include locales="os_GE"/>
		<include locales="os_RU"/>
		<include locales="pa"/>
		<include locales="pa_Arab"/>
		<include locales="pa_Arab_PK"/>
		<include locales="pa_Guru"/>
		<include locales="pa_Guru_IN"/>
		<include locales="pa_IN"/>
		<include locales="pa_PK"/>
		<include locales="pl"/>
		<include locales="pl_PL"/>
		<include locales="ps"/>
		<include locales="ps_AF"/>
		<include locales="pt"/>
		<include locales="pt_AO"/>
		<include locales="pt_BR"/>
		<include locales="pt_CH"/>
		<include locales="pt_CV"/>
		<include locales="pt_GQ"/>
		<include locales="pt_GW"/>
		<include locales="pt_LU"/>
		<include locales="pt_MO"/>
		<include locales="pt_MZ"/>
		<include locales="pt_PT"/>
		<include locales="pt_ST"/>
		<include locales="pt_TL"/>
		<include locales="qu"/>
		<include locales="qu_BO"/>
		<include locales="qu_EC"/>
		<include locales="qu_PE"/>
		<include locales="rm"/>
		<include locales="rm_CH"/>
		<include locales="rn"/>
		<include locales="rn_BI"/>
		<include locales="ro"/>
		<include locales="ro_MD"/>
		<include locales="ro_RO"/>
		<include locales="rof"/>
		<include locales="rof_TZ"/>
		<include locales="root"/>
		<include locales="ru"/>
		<include locales="ru_BY"/>
		<include locales="ru_KG"/>
		<include locales="ru_KZ"/>
		<include locales="ru_MD"/>
		<include locales="ru_RU"/>
		<include locales="ru_UA"/>
		<include locales="rw"/>
		<include locales="rw_RW"/>
		<include locales="rwk"/>
		<include locales="rwk_TZ"/>
		<include locales="sah"/>
		<include locales="sah_RU"/>
		<include locales="saq"/>
		<include locales="saq_KE"/>
		<include locales="sbp"/>
		<include locales="sbp_TZ"/>
		<include locales="sd"/>
		<include locales="sd_PK"/>
		<include locales="se"/>
		<include locales="se_FI"/>
		<include locales="se_NO"/>
		<include locales="se_SE"/>
		<include locales="seh"/>
		<include locales="seh_MZ"/>
		<include locales="ses"/>
		<include locales="ses_ML"/>
		<include locales="sg"/>
		<include locales="sg_CF"/>
		<include locales="sh"/>
		<include locales="sh_BA"/>
		<include locales="sh_CS"/>
		<include locales="sh_YU"/>
		<include locales="shi"/>
		<include locales="shi_Latn"/>
		<include locales="shi_Latn_MA"/>
		<include locales="shi_Tfng"/>
		<include locales="shi_Tfng_MA"/>
		<include locales="shi_MA"/>
		<include locales="si"/>
		<include locales="si_LK"/>
		<include locales="sk"/>
		<include locales="sk_SK"/>
		<include locales="sl"/>
		<include locales="sl_SI"/>
		<include locales="smn"/>
		<include locales="smn_FI"/>
		<include locales="sn"/>
		<include locales="sn_ZW"/>
		<include locales="so"/>
		<include locales="so_DJ"/>
		<include locales="so_ET"/>
		<include locales="so_KE"/>
		<include locales="so_SO"/>
		<include locales="sq"/>
		<include locales="sq_AL"/>
		<include locales="sq_MK"/>
		<include locales="sq_XK"/>
		<include locales="sr"/>
		<include locales="sr_Cyrl"/>
		<include locales="sr_Cyrl_BA"/>
		<include locales="sr_Cyrl_ME"/>
		<include locales="sr_Cyrl_RS"/>
		<include locales="sr_Cyrl_CS"/>
		<include locales="sr_Cyrl_XK"/>
		<include locales="sr_Cyrl_YU"/>
		<include locales="sr_Latn"/>
		<include locales="sr_Latn_BA"/>
		<include locales="sr_Latn_ME"/>
		<include locales="sr_Latn_RS"/>
		<include locales="sr_Latn_CS"/>
		<include locales="sr_Latn_XK"/>
		<include locales="sr_Latn_YU"/>
		<include locales="sr_BA"/>
		<include locales="sr_ME"/>
		<include locales="sr_RS"/>
		<include locales="sr_CS"/>
		<include locales="sr_YU"/>
		<include locales="sv"/>
		<include locales="sv_AX"/>
		<include locales="sv_FI"/>
		<include locales="sv_SE"/>
		<include locales="sw"/>
		<include locales="sw_CD"/>
		<include locales="sw_KE"/>
		<include locales="sw_TZ"/>
		<include locales="sw_UG"/>
		<include locales="ta"/>
		<include locales="ta_IN"/>
		<include locales="ta_LK"/>
		<include locales="ta_MY"/>
		<include locales="ta_SG"/>
		<include locales="te"/>
		<include locales="te_IN"/>
		<include locales="teo"/>
		<include locales="teo_KE"/>
		<include locales="teo_UG"/>
		<include locales="tg"/>
		<include locales="tg_TJ"/>
		<include locales="th"/>
		<include locales="th_TH"/>
		<include locales="ti"/>
		<include locales="ti_ER"/>
		<include locales="ti_ET"/>
		<include locales="tk"/>
		<include locales="tk_TM"/>
		<include locales="tl"/>
		<include locales="tl_PH"/>
		<include locales="to"/>
		<include locales="to_TO"/>
		<include locales="tr"/>
		<include locales="tr_CY"/>
		<include locales="tr_TR"/>
		<include locales="tt"/>
		<include locales="tt_RU"/>
		<include locales="twq"/>
		<include locales="twq_NE"/>
		<include locales="tzm"/>
		<include locales="tzm_MA"/>
		<include locales="ug"/>
		<include locales="ug_CN"/>
		<include locales="uk"/>
		<include locales="uk_UA"/>
		<include locales="ur"/>
		<include locales="ur_IN"/>
		<include locales="ur_PK"/>
		<include locales="uz"/>
		<include locales="uz_AF"/>
		<include locales="uz_Arab"/>
		<include locales="uz_Arab_AF"/>
		<include locales="uz_Cyrl"/>
		<include locales="uz_Cyrl_UZ"/>
		<include locales="uz_Latn"/>
		<include locales="uz_Latn_UZ"/>
		<include locales="uz_UZ"/>
		<include locales="vai"/>
		<include locales="vai_Latn"/>
		<include locales="vai_Latn_LR"/>
		<include locales="vai_LR"/>
		<include locales="vai_Vaii"/>
		<include locales="vai_Vaii_LR"/>
		<include locales="vi"/>
		<include locales="vi_VN"/>
		<include locales="vun"/>
		<include locales="vun_TZ"/>
		<include locales="wae"/>
		<include locales="wae_CH"/>
		<include locales="wo"/>
		<include locales="wo_SN"/>
		<include locales="xh"/>
		<include locales="xh_ZA"/>
		<include locales="xog"/>
		<include locales="xog_UG"/>
		<include locales="yav"/>
		<include locales="yav_CM"/>
		<include locales="yi"/>
		<include locales="yi_001"/>
		<include locales="yo"/>
		<include locales="yo_BJ"/>
		<include locales="yo_NG"/>
		<include locales="yue"/>
 		<include locales="yue_Hans"/>
 		<include locales="yue_Hans_CN"/>
 		<include locales="yue_Hant"/>
 		<include locales="yue_Hant_HK"/>
		<include locales="zgh"/>
		<include locales="zgh_MA"/>
		<include locales="zh"/>
		<include locales="zh_Hans"/>
		<include locales="zh_Hans_CN"/>
		<include locales="zh_Hans_HK"/>
		<include locales="zh_Hans_MO"/>
		<include locales="zh_Hans_SG"/>
		<include locales="zh_Hant"/>
		<include locales="zh_Hant_HK"/>
		<include locales="zh_Hant_MO"/>
		<include locales="zh_Hant_TW"/>
		<include locales="zh_CN"/>
		<include locales="zh_HK"/>
		<include locales="zh_MO"/>
		<include locales="zh_SG"/>
		<include locales="zh_TW"/>
		<include locales="zu"/>
		<include locales="zu_ZA"/>
	</locales>
</config>
